variable,q10_estimate,q10_std.error,q10_ci.low,q10_ci.upp,q10_p.value,q25_estimate,q25_std.error,q25_ci.low,q25_ci.upp,q25_p.value,q50_estimate,q50_std.error,q50_ci.low,q50_ci.upp,q50_p.value,q75_estimate,q75_std.error,q75_ci.low,q75_ci.upp,q75_p.value,q90_estimate,q90_std.error,q90_ci.low,q90_ci.upp,q90_p.value,model
(Intercept),3.675,0.247,3.178,4.171,0,4.544,0.195,4.153,4.936,0,4.845,0.214,4.414,5.276,0,4.923,0.207,4.506,5.34,0,5.112,0.2,4.71,5.513,0,Tertiary
exp_imp,0.055,0.046,-0.037,0.146,0.238,0.008,0.024,-0.04,0.056,0.726,0.02,0.027,-0.034,0.074,0.467,0.025,0.023,-0.021,0.071,0.284,0.035,0.044,-0.054,0.124,0.431,Tertiary
I(exp_imp^2),-0.003,0.004,-0.01,0.005,0.504,0,0.002,-0.004,0.004,0.87,-0.001,0.002,-0.006,0.004,0.78,0,0.002,-0.004,0.004,0.942,-0.002,0.004,-0.009,0.005,0.609,Tertiary
areaUrban-Type Settlement,0.435,0.198,0.036,0.834,0.033,0.308,0.159,-0.012,0.628,0.059,0.305,0.145,0.014,0.597,0.04,0.189,0.14,-0.093,0.471,0.185,0.094,0.164,-0.235,0.424,0.567,Tertiary
areaCity,0.254,0.234,-0.216,0.724,0.283,0.121,0.182,-0.245,0.487,0.51,0.231,0.16,-0.091,0.552,0.155,0.191,0.154,-0.119,0.5,0.221,0.219,0.192,-0.166,0.604,0.258,Tertiary
areaRegional Center,0.431,0.535,-0.645,1.507,0.425,0.237,0.516,-0.8,1.273,0.648,0.243,0.517,-0.797,1.282,0.641,0.221,0.559,-0.902,1.344,0.694,0.214,0.615,-1.021,1.449,0.729,Tertiary
sexMale,0.57,0.092,0.385,0.755,0,0.387,0.053,0.28,0.494,0,0.295,0.034,0.226,0.364,0,0.25,0.039,0.173,0.328,0,0.237,0.054,0.129,0.344,0,Tertiary
marital_status2. Married/Civil partnership,-0.214,0.069,-0.352,-0.076,0.003,-0.11,0.052,-0.214,-0.006,0.039,-0.058,0.042,-0.143,0.026,0.171,0.004,0.047,-0.09,0.098,0.935,-0.015,0.052,-0.119,0.089,0.773,Tertiary
marital_status3. Divorced/Separated/Widowed,0.065,0.271,-0.479,0.61,0.81,0.006,0.178,-0.351,0.364,0.972,0.162,0.162,-0.163,0.487,0.322,0.248,0.228,-0.209,0.705,0.281,0.144,0.193,-0.244,0.532,0.461,Tertiary
regionКраснодар,0.162,0.564,-0.97,1.295,0.775,-0.21,0.544,-1.304,0.884,0.701,-0.111,0.502,-1.12,0.898,0.826,-0.036,0.628,-1.297,1.226,0.955,-0.006,0.614,-1.24,1.228,0.992,Tertiary
"regionУдмуртская Республика, Глазов и Глазовский",0.315,0.292,-0.271,0.902,0.285,-0.159,0.205,-0.572,0.254,0.443,-0.431,0.207,-0.848,-0.015,0.042,-0.222,0.274,-0.772,0.328,0.421,-0.15,0.281,-0.714,0.415,0.597,Tertiary
"regionПермский край, Соликамск и Соликамский райо",0.076,0.288,-0.503,0.654,0.794,-0.286,0.292,-0.874,0.301,0.332,-0.435,0.274,-0.987,0.116,0.119,-0.314,0.343,-1.002,0.374,0.364,-0.43,0.27,-0.971,0.112,0.117,Tertiary
"regionКалужская область, Куйбышевский район",0.668,0.286,0.093,1.243,0.024,0.007,0.285,-0.567,0.58,0.981,0.372,0.369,-0.369,1.113,0.318,0.298,0.304,-0.313,0.91,0.332,0.213,0.202,-0.193,0.62,0.296,Tertiary
"regionТамбовская область, Уварово и Уваровский ра",-0.098,0.266,-0.632,0.437,0.715,-0.394,0.273,-0.943,0.154,0.155,-0.587,0.199,-0.988,-0.186,0.005,-0.509,0.32,-1.152,0.134,0.118,-0.501,0.281,-1.066,0.064,0.081,Tertiary
"regionВолгоградская область, Руднянский район",-0.148,0.261,-0.673,0.377,0.573,-0.692,0.284,-1.263,-0.12,0.019,-0.618,0.217,-1.054,-0.183,0.006,-0.203,0.269,-0.743,0.337,0.454,-0.283,0.279,-0.843,0.276,0.314,Tertiary
regionКазань,-0.213,0.534,-1.286,0.859,0.691,-0.324,0.539,-1.407,0.759,0.551,-0.347,0.509,-1.371,0.677,0.499,-0.206,0.628,-1.468,1.057,0.745,-0.224,0.614,-1.457,1.01,0.717,Tertiary
regionКурган,0.17,0.542,-0.92,1.259,0.756,-0.118,0.571,-1.265,1.028,0.837,-0.249,0.535,-1.324,0.827,0.644,-0.065,0.604,-1.278,1.149,0.915,-0.16,0.624,-1.414,1.093,0.798,Tertiary
"regionОренбургская область, Орск",0.292,0.29,-0.292,0.875,0.32,-0.138,0.196,-0.532,0.256,0.484,-0.423,0.212,-0.85,0.003,0.052,-0.303,0.413,-1.134,0.527,0.466,-0.223,0.287,-0.801,0.354,0.441,Tertiary
"regionРеспублика Чувашия, Шумерля и Шумерлинский",-0.106,0.304,-0.718,0.505,0.728,-0.434,0.256,-0.947,0.08,0.096,-0.436,0.267,-0.973,0.101,0.11,-0.258,0.309,-0.88,0.363,0.408,-0.084,0.302,-0.692,0.523,0.781,Tertiary
"regionСтавропольский край, Георгиевск и Георгиев",0.104,0.247,-0.392,0.6,0.675,-0.191,0.258,-0.71,0.328,0.463,-0.328,0.194,-0.719,0.062,0.097,-0.197,0.248,-0.695,0.301,0.431,-0.331,0.167,-0.667,0.004,0.053,Tertiary
"regionАлтайский край, Курьинский район",0.505,0.309,-0.116,1.127,0.109,-0.192,0.192,-0.578,0.193,0.32,-0.262,0.239,-0.742,0.219,0.28,-0.069,0.36,-0.793,0.655,0.849,0.329,0.277,-0.228,0.886,0.241,Tertiary
regionКрасноярск,0.142,0.506,-0.875,1.159,0.78,-0.065,0.546,-1.163,1.033,0.906,-0.145,0.515,-1.181,0.891,0.78,-0.016,0.595,-1.212,1.18,0.978,-0.156,0.6,-1.362,1.05,0.796,Tertiary
"regionТверская область, Ржев и Ржевский район",0.097,0.336,-0.577,0.772,0.773,-0.417,0.269,-0.957,0.123,0.127,-0.576,0.296,-1.171,0.018,0.057,-0.259,0.331,-0.926,0.407,0.437,-0.345,0.23,-0.807,0.117,0.14,Tertiary
regionСаратов,-0.512,0.556,-1.629,0.604,0.361,-0.612,0.534,-1.685,0.46,0.257,-0.446,0.494,-1.439,0.548,0.372,-0.29,0.596,-1.488,0.908,0.629,-0.108,0.626,-1.365,1.15,0.864,Tertiary
regionТомск,0.251,0.516,-0.786,1.289,0.629,-0.21,0.529,-1.272,0.853,0.694,-0.144,0.538,-1.225,0.936,0.79,0.059,0.582,-1.111,1.228,0.92,0.106,0.641,-1.183,1.394,0.87,Tertiary
regionЛипецк,-0.178,0.551,-1.285,0.928,0.748,-0.367,0.533,-1.438,0.705,0.495,-0.514,0.502,-1.523,0.494,0.311,-0.512,0.62,-1.757,0.733,0.413,-0.527,0.595,-1.722,0.668,0.38,Tertiary
"regionКрасноярский край, Назарово и Назаровский р",0.099,0.387,-0.679,0.877,0.799,0.019,0.405,-0.795,0.832,0.964,0.053,0.257,-0.463,0.568,0.838,0.216,0.3,-0.386,0.819,0.474,0.198,0.236,-0.276,0.673,0.405,Tertiary
regionРеспублика Кабардино-Балкария: Залукокоаже,0.122,0.282,-0.444,0.688,0.667,-0.305,0.186,-0.678,0.068,0.107,-0.362,0.208,-0.781,0.056,0.088,-0.324,0.287,-0.902,0.254,0.266,-0.309,0.251,-0.813,0.194,0.223,Tertiary
"regionАлтайский край, Бийск и Бийский район",0.228,0.339,-0.454,0.909,0.505,-0.377,0.399,-1.178,0.425,0.35,-0.166,0.352,-0.875,0.542,0.639,-0.103,0.433,-0.973,0.766,0.812,-0.237,0.269,-0.778,0.303,0.382,Tertiary
"regionКоми Республика, Усинск и Усинский район (1994",0.889,0.321,0.243,1.535,0.008,0.49,0.287,-0.087,1.066,0.094,0.486,0.209,0.067,0.906,0.024,0.503,0.303,-0.107,1.113,0.104,0.533,0.348,-0.166,1.232,0.132,Tertiary
regionВладивосток,0.647,0.518,-0.395,1.689,0.218,0.207,0.545,-0.889,1.303,0.706,0.188,0.5,-0.816,1.192,0.708,0.236,0.595,-0.96,1.432,0.693,0.171,0.611,-1.057,1.398,0.781,Tertiary
"regionАмурская область, Тамбовский район",-0.033,0.31,-0.655,0.589,0.915,-0.408,0.372,-1.156,0.34,0.278,-0.169,0.251,-0.672,0.335,0.504,-0.078,0.23,-0.54,0.383,0.735,-0.106,0.245,-0.598,0.385,0.666,Tertiary
"regionСаратовская область, Вольск и Вольский райо",-0.699,0.693,-2.092,0.693,0.318,-0.679,0.806,-2.299,0.941,0.404,-0.388,0.523,-1.438,0.662,0.461,-0.039,0.432,-0.907,0.829,0.928,-0.083,0.281,-0.648,0.483,0.77,Tertiary
"regionКоми Республика, Сыктывкар",0.59,0.57,-0.555,1.734,0.306,0.306,0.544,-0.788,1.4,0.576,0.179,0.514,-0.854,1.212,0.729,0.188,0.603,-1.023,1.4,0.756,0.293,0.614,-0.941,1.526,0.636,Tertiary
regionЧелябинск,-0.126,0.74,-1.613,1.36,0.865,-0.347,0.552,-1.456,0.763,0.533,-0.19,0.617,-1.429,1.05,0.76,-0.049,0.62,-1.294,1.196,0.937,-0.176,0.625,-1.431,1.08,0.78,Tertiary
"regionЧелябинская область, Красноармейский район",-3.421,2.027,-7.494,0.653,0.098,-0.081,2.123,-4.347,4.185,0.97,-0.01,0.266,-0.544,0.524,0.969,-0.063,0.237,-0.539,0.413,0.792,-0.052,0.282,-0.618,0.515,0.856,Tertiary
regionНижний Новгород,0.185,0.524,-0.868,1.237,0.726,0.056,0.524,-0.997,1.109,0.916,-0.101,0.503,-1.111,0.91,0.842,0.028,0.576,-1.13,1.185,0.962,-0.071,0.624,-1.325,1.182,0.909,Tertiary
"regionПензенская область, Земетчинский район",0.203,0.374,-0.548,0.954,0.589,-0.121,0.217,-0.556,0.315,0.58,-0.212,0.215,-0.643,0.219,0.329,-0.228,0.241,-0.713,0.257,0.349,-0.421,0.241,-0.904,0.063,0.087,Tertiary
"regionКраснодарский край, Кущевский район",0.219,0.365,-0.515,0.954,0.551,-0.13,0.208,-0.548,0.288,0.535,-0.26,0.196,-0.655,0.135,0.192,-0.025,0.231,-0.49,0.44,0.914,-0.117,0.173,-0.464,0.231,0.502,Tertiary
regionСмоленск,-0.245,0.611,-1.473,0.984,0.691,-0.503,0.577,-1.662,0.657,0.388,-0.429,0.612,-1.659,0.801,0.486,-0.163,0.612,-1.392,1.067,0.792,-0.276,0.605,-1.493,0.94,0.65,Tertiary
regionТула,0.389,0.502,-0.621,1.398,0.443,0.032,0.527,-1.027,1.091,0.952,-0.11,0.497,-1.109,0.889,0.826,-0.084,0.574,-1.237,1.068,0.884,0.03,0.632,-1.239,1.299,0.962,Tertiary
"regionРостовская область, Батайск",-0.036,0.83,-1.704,1.633,0.966,-0.146,0.31,-0.769,0.476,0.639,-0.181,0.235,-0.655,0.292,0.445,-0.087,0.25,-0.59,0.415,0.728,-0.271,0.185,-0.644,0.101,0.149,Tertiary
regionМосква,0.585,0.51,-0.441,1.61,0.258,0.316,0.542,-0.773,1.405,0.562,0.37,0.492,-0.619,1.359,0.456,0.563,0.601,-0.646,1.772,0.354,0.542,0.608,-0.679,1.763,0.377,Tertiary
regionСанкт-Петербург,-3.945,1.854,-7.671,-0.219,0.038,-0.418,2.192,-4.822,3.987,0.85,-0.183,0.599,-1.387,1.021,0.762,0.033,0.716,-1.405,1.472,0.963,0.085,0.58,-1.08,1.25,0.884,Tertiary
regionМосковская область,0.439,0.216,0.005,0.874,0.048,0.224,0.207,-0.191,0.639,0.283,0.223,0.162,-0.102,0.548,0.174,0.45,0.208,0.033,0.867,0.035,0.473,0.149,0.173,0.773,0.003,Tertiary
"regionНовосибирская область, Бердский район (с 2003",0.238,0.278,-0.321,0.797,0.397,-0.159,0.239,-0.639,0.321,0.509,-0.144,0.182,-0.51,0.221,0.431,-0.103,0.254,-0.613,0.407,0.686,-0.198,0.236,-0.671,0.276,0.406,Tertiary
O,0.02,0.052,-0.085,0.125,0.703,0.012,0.033,-0.054,0.078,0.721,0.03,0.028,-0.027,0.087,0.3,0.054,0.024,0.004,0.103,0.034,0.068,0.033,0.001,0.136,0.046,Tertiary
C,0.114,0.044,0.026,0.203,0.012,0.073,0.044,-0.015,0.162,0.101,0.022,0.026,-0.03,0.074,0.406,-0.018,0.019,-0.057,0.02,0.341,-0.007,0.033,-0.074,0.06,0.836,Tertiary
E,0.067,0.045,-0.024,0.158,0.144,-0.005,0.027,-0.059,0.05,0.86,0.004,0.024,-0.044,0.052,0.859,0.013,0.018,-0.024,0.049,0.491,0.023,0.03,-0.038,0.084,0.45,Tertiary
A,0.011,0.033,-0.056,0.078,0.75,0.022,0.025,-0.029,0.073,0.384,-0.007,0.034,-0.075,0.061,0.836,-0.005,0.022,-0.05,0.041,0.837,-0.011,0.028,-0.068,0.046,0.71,Tertiary
ES,-0.021,0.046,-0.113,0.071,0.644,-0.013,0.035,-0.084,0.058,0.706,-0.028,0.026,-0.08,0.023,0.276,-0.03,0.019,-0.069,0.009,0.125,-0.019,0.029,-0.078,0.039,0.509,Tertiary
(Intercept),4.28,0.127,4.024,4.535,0,4.51,0.14,4.229,4.791,0,4.687,0.141,4.403,4.97,0,4.868,0.156,4.553,5.182,0,5.089,0.136,4.816,5.362,0,Secondary Vocational
exp_imp,0.062,0.025,0.012,0.112,0.016,0.076,0.025,0.026,0.125,0.003,0.066,0.019,0.027,0.105,0.001,0.074,0.025,0.025,0.123,0.004,0.096,0.033,0.03,0.162,0.005,Secondary Vocational
I(exp_imp^2),-0.005,0.003,-0.011,0.001,0.095,-0.005,0.003,-0.01,-0,0.048,-0.004,0.002,-0.008,-0,0.037,-0.004,0.002,-0.009,0,0.064,-0.006,0.003,-0.012,-0,0.034,Secondary Vocational
areaUrban-Type Settlement,-0.01,0.153,-0.317,0.297,0.95,-0.025,0.091,-0.209,0.159,0.787,-0.033,0.081,-0.196,0.131,0.69,-0.077,0.114,-0.307,0.152,0.502,-0.059,0.122,-0.305,0.186,0.63,Secondary Vocational
areaCity,0.033,0.115,-0.198,0.264,0.776,0.075,0.084,-0.094,0.244,0.378,0.126,0.092,-0.058,0.309,0.176,0.108,0.101,-0.094,0.311,0.288,0.111,0.129,-0.148,0.371,0.393,Secondary Vocational
areaRegional Center,0.118,0.525,-0.936,1.173,0.822,0.192,0.473,-0.759,1.143,0.687,0.273,0.476,-0.683,1.23,0.568,0.325,0.413,-0.506,1.156,0.436,0.232,0.51,-0.794,1.257,0.652,Secondary Vocational
sexMale,0.445,0.044,0.356,0.535,0,0.389,0.052,0.285,0.494,0,0.328,0.048,0.232,0.424,0,0.304,0.046,0.211,0.397,0,0.304,0.061,0.181,0.426,0,Secondary Vocational
marital_status2. Married/Civil partnership,0.011,0.064,-0.119,0.14,0.868,0.033,0.045,-0.057,0.122,0.471,0.072,0.046,-0.019,0.164,0.119,0.074,0.054,-0.036,0.183,0.181,-0.02,0.056,-0.132,0.093,0.725,Secondary Vocational
marital_status3. Divorced/Separated/Widowed,0.337,0.179,-0.023,0.698,0.066,0.177,0.105,-0.035,0.389,0.1,0.113,0.126,-0.14,0.365,0.374,0.129,0.102,-0.075,0.334,0.21,-0.072,0.117,-0.307,0.163,0.54,Secondary Vocational
regionКраснодар,-0.118,0.505,-1.133,0.898,0.817,-0.36,0.51,-1.386,0.665,0.483,-0.515,0.527,-1.575,0.545,0.334,-0.524,0.446,-1.42,0.372,0.246,-0.46,0.569,-1.605,0.684,0.423,Secondary Vocational
"regionУдмуртская Республика, Глазов и Глазовский",-0.638,0.252,-1.144,-0.132,0.015,-0.943,0.244,-1.435,-0.452,0,-0.598,0.234,-1.069,-0.127,0.014,-0.736,0.276,-1.29,-0.183,0.01,-0.799,0.315,-1.431,-0.167,0.014,Secondary Vocational
"regionПермский край, Соликамск и Соликамский райо",-0.346,0.241,-0.829,0.137,0.157,-0.439,0.195,-0.831,-0.046,0.029,-0.279,0.191,-0.663,0.105,0.15,-0.277,0.186,-0.651,0.097,0.143,-0.267,0.191,-0.65,0.117,0.169,Secondary Vocational
"regionКалужская область, Куйбышевский район",-0.365,0.264,-0.896,0.167,0.174,-0.508,0.328,-1.168,0.151,0.127,-0.291,0.362,-1.018,0.436,0.425,-0.108,0.4,-0.911,0.696,0.789,-0.11,0.323,-0.759,0.539,0.735,Secondary Vocational
"regionТамбовская область, Уварово и Уваровский ра",-0.652,0.17,-0.993,-0.311,0,-0.822,0.16,-1.144,-0.5,0,-0.727,0.177,-1.083,-0.371,0,-0.646,0.234,-1.115,-0.176,0.008,-0.574,0.224,-1.025,-0.124,0.014,Secondary Vocational
"regionВолгоградская область, Руднянский район",-0.906,0.253,-1.415,-0.398,0.001,-0.823,0.172,-1.168,-0.478,0,-0.759,0.184,-1.129,-0.389,0,-0.504,0.208,-0.921,-0.087,0.019,-0.617,0.194,-1.007,-0.226,0.003,Secondary Vocational
regionКазань,-0.566,0.581,-1.735,0.603,0.335,-0.633,0.53,-1.698,0.432,0.238,-0.565,0.516,-1.601,0.471,0.278,-0.594,0.405,-1.408,0.219,0.148,-0.577,0.504,-1.589,0.436,0.258,Secondary Vocational
regionКурган,-0.437,0.58,-1.602,0.728,0.454,-0.713,0.495,-1.708,0.281,0.156,-0.795,0.533,-1.867,0.277,0.142,-0.58,0.502,-1.589,0.429,0.254,-0.528,0.555,-1.643,0.588,0.346,Secondary Vocational
"regionОренбургская область, Орск",-0.438,0.177,-0.793,-0.082,0.017,-0.607,0.168,-0.945,-0.269,0.001,-0.529,0.213,-0.956,-0.101,0.016,-0.582,0.194,-0.971,-0.192,0.004,-0.58,0.201,-0.983,-0.177,0.006,Secondary Vocational
"regionРеспублика Чувашия, Шумерля и Шумерлинский",-0.449,0.553,-1.56,0.662,0.421,-0.595,0.44,-1.478,0.289,0.182,-0.438,0.271,-0.983,0.108,0.113,-0.352,0.3,-0.955,0.252,0.247,-0.324,0.276,-0.88,0.231,0.246,Secondary Vocational
"regionСтавропольский край, Георгиевск и Георгиев",-0.639,0.183,-1.006,-0.272,0.001,-0.715,0.14,-0.996,-0.433,0,-0.622,0.167,-0.957,-0.287,0.001,-0.459,0.163,-0.786,-0.132,0.007,-0.606,0.192,-0.992,-0.22,0.003,Secondary Vocational
"regionАлтайский край, Курьинский район",-0.666,0.156,-0.98,-0.352,0,-0.886,0.165,-1.217,-0.555,0,-0.679,0.377,-1.437,0.079,0.078,-0.419,0.429,-1.282,0.444,0.334,-0.357,0.459,-1.28,0.566,0.441,Secondary Vocational
regionКрасноярск,-0.249,0.557,-1.369,0.871,0.657,-0.479,0.508,-1.499,0.542,0.351,-0.454,0.498,-1.454,0.547,0.367,-0.403,0.433,-1.274,0.468,0.357,-0.253,0.512,-1.282,0.777,0.624,Secondary Vocational
"regionТверская область, Ржев и Ржевский район",-0.135,0.27,-0.677,0.407,0.619,-0.367,0.251,-0.872,0.137,0.15,-0.295,0.237,-0.771,0.18,0.218,-0.238,0.231,-0.703,0.227,0.308,-0.144,0.232,-0.61,0.323,0.539,Secondary Vocational
regionСаратов,-0.29,0.654,-1.605,1.025,0.66,-0.673,0.614,-1.906,0.56,0.278,-0.282,0.53,-1.346,0.783,0.597,-0.394,0.514,-1.427,0.639,0.447,-0.303,0.486,-1.28,0.674,0.536,Secondary Vocational
regionТомск,-0.073,0.585,-1.25,1.103,0.901,-0.525,0.536,-1.602,0.553,0.333,-0.251,0.529,-1.313,0.811,0.637,-0.247,0.459,-1.17,0.675,0.593,-0.18,0.479,-1.143,0.783,0.709,Secondary Vocational
regionЛипецк,-0.576,0.527,-1.635,0.483,0.28,-0.66,0.512,-1.69,0.369,0.204,-0.801,0.511,-1.828,0.226,0.123,-0.875,0.458,-1.795,0.045,0.062,-0.912,0.504,-1.925,0.1,0.076,Secondary Vocational
"regionКрасноярский край, Назарово и Назаровский р",-0.047,0.344,-0.737,0.644,0.892,-0.269,0.218,-0.708,0.17,0.224,-0.301,0.199,-0.702,0.1,0.137,-0.202,0.195,-0.593,0.19,0.305,-0.137,0.335,-0.81,0.536,0.685,Secondary Vocational
regionРеспублика Кабардино-Балкария: Залукокоаже,-0.063,0.107,-0.278,0.152,0.559,-0.329,0.146,-0.622,-0.036,0.028,-0.445,0.133,-0.711,-0.178,0.002,-0.408,0.155,-0.72,-0.096,0.012,-0.574,0.169,-0.914,-0.234,0.001,Secondary Vocational
"regionАлтайский край, Бийск и Бийский район",-0.857,0.465,-1.792,0.078,0.072,-0.425,0.688,-1.806,0.957,0.54,-0.602,0.331,-1.267,0.063,0.075,-0.664,0.192,-1.051,-0.278,0.001,-0.746,0.287,-1.322,-0.171,0.012,Secondary Vocational
"regionКоми Республика, Усинск и Усинский район (1994",0.215,0.292,-0.371,0.802,0.464,0.155,0.193,-0.234,0.543,0.428,0.166,0.207,-0.25,0.583,0.426,0.205,0.164,-0.124,0.535,0.216,0.082,0.191,-0.301,0.466,0.667,Secondary Vocational
regionВладивосток,-0.259,1.218,-2.708,2.189,0.832,-0.229,0.541,-1.316,0.858,0.674,-0.226,0.551,-1.332,0.881,0.683,-0.219,0.514,-1.252,0.814,0.672,-0.044,0.479,-1.006,0.918,0.927,Secondary Vocational
"regionАмурская область, Тамбовский район",-0.3,0.22,-0.742,0.142,0.179,-0.391,0.27,-0.933,0.152,0.154,-0.154,0.194,-0.544,0.236,0.432,-0.199,0.202,-0.605,0.208,0.331,-0.341,0.169,-0.68,-0.002,0.049,Secondary Vocational
"regionСаратовская область, Вольск и Вольский райо",-0.371,0.199,-0.771,0.029,0.068,-0.558,0.235,-1.029,-0.086,0.021,-0.514,0.153,-0.821,-0.206,0.002,-0.347,0.242,-0.833,0.138,0.157,-0.393,0.367,-1.131,0.345,0.29,Secondary Vocational
"regionКоми Республика, Сыктывкар",-0.217,0.541,-1.305,0.871,0.69,-0.298,0.502,-1.306,0.71,0.555,-0.378,0.563,-1.508,0.753,0.505,-0.32,0.475,-1.275,0.636,0.505,-0.209,0.496,-1.205,0.787,0.675,Secondary Vocational
regionЧелябинск,-0.453,0.546,-1.55,0.645,0.411,-0.659,0.498,-1.659,0.341,0.192,-0.425,0.578,-1.588,0.737,0.466,-0.454,0.49,-1.439,0.531,0.359,-0.254,0.62,-1.501,0.992,0.684,Secondary Vocational
"regionЧелябинская область, Красноармейский район",-0.146,0.21,-0.568,0.275,0.488,-0.265,0.13,-0.526,-0.005,0.046,-0.283,0.167,-0.618,0.053,0.097,-0.287,0.239,-0.767,0.194,0.236,-0.172,0.18,-0.534,0.19,0.345,Secondary Vocational
regionНижний Новгород,-0.37,0.543,-1.46,0.721,0.499,-0.437,0.491,-1.424,0.55,0.378,-0.451,0.517,-1.49,0.587,0.387,-0.372,0.43,-1.236,0.491,0.391,-0.349,0.523,-1.399,0.702,0.508,Secondary Vocational
"regionПензенская область, Земетчинский район",-0.142,0.718,-1.585,1.3,0.844,-0.56,0.518,-1.6,0.481,0.285,-0.89,0.456,-1.808,0.027,0.057,-1.064,0.505,-2.077,-0.05,0.04,-0.657,0.515,-1.691,0.378,0.208,Secondary Vocational
"regionКраснодарский край, Кущевский район",-0.627,0.309,-1.248,-0.006,0.048,-0.582,0.215,-1.014,-0.149,0.009,-0.394,0.172,-0.74,-0.048,0.027,-0.292,0.162,-0.617,0.033,0.077,-0.35,0.177,-0.705,0.004,0.053,Secondary Vocational
regionСмоленск,-0.39,0.507,-1.41,0.63,0.446,-0.693,0.526,-1.751,0.364,0.194,-0.61,0.487,-1.589,0.368,0.216,-0.655,0.471,-1.602,0.292,0.171,-0.526,0.479,-1.489,0.436,0.277,Secondary Vocational
regionТула,-0.518,1.455,-3.442,2.406,0.723,-0.587,0.508,-1.607,0.434,0.254,-0.314,0.507,-1.333,0.705,0.539,-0.319,0.449,-1.221,0.582,0.48,-0.217,0.482,-1.186,0.751,0.654,Secondary Vocational
"regionРостовская область, Батайск",-0.158,0.199,-0.559,0.242,0.43,-0.367,0.192,-0.754,0.019,0.062,-0.388,0.192,-0.774,-0.003,0.048,-0.395,0.16,-0.716,-0.074,0.017,-0.514,0.2,-0.916,-0.111,0.013,Secondary Vocational
regionМосква,0.068,0.499,-0.936,1.072,0.892,-0.127,0.485,-1.103,0.848,0.794,-0.106,0.515,-1.141,0.929,0.838,-0.042,0.444,-0.934,0.849,0.924,0.077,0.47,-0.867,1.02,0.871,Secondary Vocational
regionСанкт-Петербург,0.059,0.528,-1.003,1.12,0.912,-0.254,0.524,-1.307,0.799,0.63,-0.246,0.525,-1.3,0.808,0.641,-0.262,0.42,-1.106,0.582,0.536,-0.24,0.475,-1.195,0.715,0.616,Secondary Vocational
regionМосковская область,0.11,0.113,-0.117,0.338,0.335,-0.058,0.119,-0.297,0.181,0.628,0.221,0.152,-0.084,0.527,0.152,0.215,0.146,-0.079,0.508,0.148,0.145,0.099,-0.054,0.345,0.148,Secondary Vocational
"regionНовосибирская область, Бердский район (с 2003",-0.309,0.232,-0.775,0.157,0.189,-0.401,0.218,-0.839,0.037,0.072,-0.352,0.215,-0.785,0.08,0.108,-0.18,0.23,-0.643,0.282,0.437,-0.134,0.209,-0.554,0.286,0.526,Secondary Vocational
O,0.075,0.039,-0.004,0.154,0.062,0.043,0.03,-0.018,0.104,0.163,0.044,0.028,-0.011,0.1,0.115,0.064,0.031,0.002,0.126,0.043,0.088,0.038,0.011,0.166,0.025,Secondary Vocational
C,-0.028,0.035,-0.098,0.042,0.423,-0.024,0.018,-0.061,0.013,0.195,-0.028,0.022,-0.072,0.016,0.2,-0.017,0.025,-0.067,0.033,0.506,0.015,0.033,-0.051,0.081,0.645,Secondary Vocational
E,-0.008,0.035,-0.079,0.063,0.812,0.016,0.017,-0.019,0.051,0.354,0.027,0.024,-0.022,0.075,0.274,0.037,0.025,-0.014,0.089,0.149,0.041,0.029,-0.018,0.099,0.167,Secondary Vocational
A,-0.004,0.037,-0.078,0.07,0.909,0.032,0.027,-0.022,0.086,0.242,0.024,0.023,-0.021,0.07,0.284,0.01,0.025,-0.04,0.06,0.687,-0.009,0.026,-0.061,0.043,0.724,Secondary Vocational
ES,-0.028,0.027,-0.083,0.026,0.298,0,0.019,-0.038,0.038,0.997,0.004,0.024,-0.045,0.052,0.871,-0.014,0.024,-0.062,0.034,0.55,-0.018,0.033,-0.084,0.047,0.577,Secondary Vocational
(Intercept),4.024,0.134,3.754,4.294,0,4.334,0.105,4.123,4.544,0,4.575,0.102,4.37,4.78,0,4.804,0.083,4.637,4.97,0,5.008,0.117,4.772,5.243,0,Secondary or below
exp_imp,0.095,0.026,0.044,0.147,0.001,0.065,0.021,0.024,0.106,0.003,0.063,0.015,0.032,0.094,0,0.057,0.019,0.018,0.096,0.005,0.038,0.026,-0.014,0.089,0.146,Secondary or below
I(exp_imp^2),-0.006,0.002,-0.01,-0.002,0.002,-0.003,0.002,-0.007,0,0.057,-0.003,0.001,-0.005,-0.001,0.013,-0.003,0.001,-0.006,-0.001,0.02,-0.002,0.002,-0.006,0.002,0.333,Secondary or below
areaUrban-Type Settlement,0.026,0.135,-0.244,0.297,0.846,0.013,0.085,-0.157,0.184,0.875,-0.124,0.094,-0.313,0.065,0.194,-0.102,0.111,-0.325,0.121,0.362,-0.038,0.106,-0.251,0.176,0.726,Secondary or below
areaCity,0.168,0.132,-0.097,0.432,0.208,0.058,0.12,-0.183,0.299,0.63,0.132,0.085,-0.038,0.303,0.124,0.242,0.095,0.052,0.433,0.014,0.322,0.103,0.115,0.529,0.003,Secondary or below
areaRegional Center,-0.103,0.141,-0.387,0.18,0.467,-0.146,0.178,-0.504,0.211,0.415,-0.087,0.132,-0.353,0.179,0.513,-0.086,0.16,-0.407,0.235,0.592,-0.029,0.139,-0.308,0.25,0.836,Secondary or below
sexMale,0.266,0.068,0.129,0.403,0,0.247,0.04,0.167,0.328,0,0.311,0.047,0.216,0.406,0,0.348,0.045,0.258,0.438,0,0.328,0.052,0.224,0.432,0,Secondary or below
marital_status2. Married/Civil partnership,-0.025,0.076,-0.178,0.128,0.744,0.027,0.044,-0.062,0.115,0.548,0.037,0.043,-0.049,0.123,0.391,0.045,0.051,-0.058,0.148,0.382,0.032,0.053,-0.074,0.137,0.55,Secondary or below
marital_status3. Divorced/Separated/Widowed,0.041,0.148,-0.256,0.338,0.782,-0.045,0.113,-0.273,0.183,0.691,-0.019,0.084,-0.188,0.15,0.819,-0.046,0.083,-0.212,0.12,0.58,-0.119,0.101,-0.322,0.083,0.242,Secondary or below
regionКраснодар,0.317,0.207,-0.099,0.732,0.132,0.111,0.2,-0.291,0.513,0.582,0.059,0.198,-0.339,0.457,0.767,-0.051,0.18,-0.412,0.31,0.778,-0.107,0.146,-0.401,0.187,0.469,Secondary or below
"regionУдмуртская Республика, Глазов и Глазовский",-0.432,0.219,-0.873,0.008,0.054,-0.239,0.238,-0.718,0.239,0.32,-0.484,0.192,-0.869,-0.099,0.015,-0.428,0.275,-0.981,0.125,0.126,-0.358,0.226,-0.813,0.097,0.12,Secondary or below
"regionПермский край, Соликамск и Соликамский райо",-0.265,0.223,-0.712,0.182,0.239,-0.317,0.172,-0.662,0.029,0.071,-0.377,0.115,-0.608,-0.147,0.002,-0.36,0.138,-0.638,-0.082,0.012,-0.489,0.169,-0.828,-0.15,0.006,Secondary or below
"regionКалужская область, Куйбышевский район",0.033,0.404,-0.778,0.844,0.935,-0.012,0.366,-0.747,0.724,0.974,-0.115,0.133,-0.383,0.153,0.394,-0.084,0.186,-0.458,0.29,0.653,-0.301,0.25,-0.804,0.203,0.236,Secondary or below
"regionТамбовская область, Уварово и Уваровский ра",-0.563,0.213,-0.991,-0.135,0.011,-0.576,0.163,-0.903,-0.249,0.001,-0.611,0.13,-0.873,-0.349,0,-0.79,0.128,-1.047,-0.532,0,-0.839,0.194,-1.229,-0.449,0,Secondary or below
"regionВолгоградская область, Руднянский район",-0.258,0.18,-0.62,0.104,0.158,-0.558,0.211,-0.982,-0.135,0.011,-0.444,0.234,-0.916,0.027,0.064,-0.159,0.323,-0.808,0.491,0.626,0.051,0.328,-0.608,0.709,0.878,Secondary or below
regionКазань,0.406,0.238,-0.072,0.884,0.094,0.345,0.206,-0.069,0.76,0.101,0.168,0.191,-0.215,0.551,0.381,0.131,0.194,-0.259,0.521,0.504,0.254,0.192,-0.131,0.64,0.191,Secondary or below
regionКурган,0.258,0.226,-0.196,0.713,0.259,0.025,0.231,-0.439,0.49,0.913,-0.009,0.25,-0.511,0.493,0.971,-0.028,0.205,-0.441,0.384,0.891,0.045,0.209,-0.374,0.464,0.828,Secondary or below
"regionОренбургская область, Орск",-0.176,0.255,-0.688,0.336,0.493,-0.213,0.213,-0.641,0.215,0.322,-0.351,0.195,-0.744,0.042,0.079,-0.409,0.29,-0.992,0.174,0.165,-0.245,0.263,-0.774,0.284,0.357,Secondary or below
"regionРеспублика Чувашия, Шумерля и Шумерлинский",-0.45,0.29,-1.033,0.134,0.128,-0.482,0.177,-0.837,-0.126,0.009,-0.512,0.135,-0.784,-0.24,0,-0.535,0.134,-0.804,-0.265,0,-0.6,0.212,-1.026,-0.174,0.007,Secondary or below
"regionСтавропольский край, Георгиевск и Георгиев",-0.482,0.229,-0.944,-0.021,0.041,-0.533,0.148,-0.83,-0.236,0.001,-0.486,0.128,-0.743,-0.228,0,-0.434,0.134,-0.702,-0.165,0.002,-0.486,0.168,-0.824,-0.148,0.006,Secondary or below
"regionАлтайский край, Курьинский район",-0.612,0.2,-1.014,-0.21,0.004,-0.544,0.263,-1.073,-0.016,0.044,-0.659,0.252,-1.165,-0.153,0.012,-0.445,0.185,-0.816,-0.074,0.02,-0.505,0.133,-0.771,-0.238,0,Secondary or below
regionКрасноярск,0.171,0.229,-0.288,0.63,0.458,-0.175,0.221,-0.619,0.269,0.433,-0.047,0.231,-0.512,0.418,0.84,0.003,0.162,-0.323,0.33,0.983,-0.145,0.173,-0.494,0.203,0.406,Secondary or below
"regionТверская область, Ржев и Ржевский район",-0.353,0.253,-0.862,0.156,0.169,-0.452,0.229,-0.913,0.008,0.054,-0.389,0.109,-0.609,-0.17,0.001,-0.497,0.189,-0.878,-0.117,0.011,-0.428,0.228,-0.886,0.03,0.067,Secondary or below
regionСаратов,-0.049,0.258,-0.568,0.47,0.85,-0.033,0.237,-0.508,0.443,0.89,-0.161,0.203,-0.569,0.247,0.432,-0.159,0.207,-0.574,0.257,0.447,-0.308,0.204,-0.719,0.102,0.138,Secondary or below
regionТомск,0.219,0.245,-0.273,0.712,0.375,-0.004,0.2,-0.405,0.398,0.986,-0.099,0.22,-0.54,0.343,0.656,0.034,0.322,-0.613,0.68,0.917,0.183,0.261,-0.342,0.708,0.486,Secondary or below
regionЛипецк,-0.232,0.184,-0.601,0.137,0.212,-0.146,0.198,-0.543,0.25,0.462,-0.369,0.192,-0.755,0.017,0.06,-0.4,0.196,-0.794,-0.007,0.046,-0.464,0.189,-0.843,-0.085,0.017,Secondary or below
"regionКрасноярский край, Назарово и Назаровский р",-0.42,0.22,-0.863,0.023,0.063,-0.496,0.222,-0.941,-0.05,0.03,-0.449,0.167,-0.784,-0.114,0.01,-0.417,0.191,-0.802,-0.033,0.034,-0.608,0.197,-1.004,-0.212,0.003,Secondary or below
regionРеспублика Кабардино-Балкария: Залукокоаже,-0.512,0.167,-0.847,-0.177,0.003,-0.725,0.118,-0.963,-0.487,0,-0.601,0.106,-0.813,-0.388,0,-0.631,0.135,-0.902,-0.359,0,-0.817,0.152,-1.122,-0.511,0,Secondary or below
"regionАлтайский край, Бийск и Бийский район",-0.415,0.249,-0.916,0.085,0.102,-0.461,0.217,-0.898,-0.024,0.039,-0.636,0.179,-0.995,-0.277,0.001,-0.691,0.146,-0.985,-0.397,0,-0.675,0.209,-1.096,-0.255,0.002,Secondary or below
"regionКоми Республика, Усинск и Усинский район (1994",-0.086,0.2,-0.488,0.316,0.668,0.13,0.22,-0.311,0.571,0.557,0.056,0.113,-0.171,0.283,0.624,0.034,0.162,-0.292,0.36,0.833,0.18,0.174,-0.17,0.531,0.306,Secondary or below
regionВладивосток,0.33,0.657,-0.99,1.649,0.618,0.212,0.2,-0.191,0.615,0.295,0.15,0.177,-0.206,0.506,0.402,0.118,0.194,-0.272,0.509,0.545,0.046,0.189,-0.334,0.427,0.808,Secondary or below
"regionАмурская область, Тамбовский район",-0.587,0.247,-1.084,-0.09,0.022,-0.598,0.257,-1.115,-0.08,0.024,-0.442,0.226,-0.896,0.012,0.056,-0.296,0.158,-0.614,0.021,0.067,-0.164,0.195,-0.556,0.229,0.406,Secondary or below
"regionСаратовская область, Вольск и Вольский райо",-0.658,0.57,-1.804,0.488,0.254,-0.593,0.751,-2.101,0.915,0.433,-0.494,0.279,-1.056,0.067,0.083,-0.401,0.226,-0.856,0.053,0.082,-0.56,0.197,-0.956,-0.164,0.007,Secondary or below
"regionКоми Республика, Сыктывкар",0.056,0.323,-0.592,0.704,0.863,-0.069,0.26,-0.592,0.453,0.791,-0.013,0.173,-0.36,0.333,0.939,-0.111,0.204,-0.521,0.298,0.587,0.057,0.188,-0.32,0.434,0.764,Secondary or below
regionЧелябинск,-0.155,0.294,-0.745,0.435,0.599,-0.155,0.208,-0.574,0.264,0.462,-0.222,0.205,-0.633,0.189,0.284,-0.226,0.216,-0.66,0.208,0.3,-0.126,0.215,-0.558,0.305,0.559,Secondary or below
"regionЧелябинская область, Красноармейский район",-0.213,0.178,-0.571,0.145,0.238,-0.38,0.153,-0.688,-0.072,0.017,-0.41,0.161,-0.733,-0.087,0.014,-0.275,0.175,-0.628,0.077,0.123,-0.277,0.156,-0.591,0.037,0.082,Secondary or below
regionНижний Новгород,-0.01,0.205,-0.422,0.401,0.96,-0.197,0.191,-0.58,0.186,0.306,-0.183,0.181,-0.547,0.181,0.318,-0.266,0.181,-0.63,0.099,0.15,-0.265,0.162,-0.59,0.06,0.108,Secondary or below
"regionПензенская область, Земетчинский район",-0.708,0.169,-1.046,-0.369,0,-0.742,0.185,-1.114,-0.371,0,-0.94,0.218,-1.379,-0.501,0,-0.919,0.386,-1.694,-0.143,0.021,-0.706,0.305,-1.319,-0.093,0.025,Secondary or below
"regionКраснодарский край, Кущевский район",-0.303,0.142,-0.588,-0.018,0.038,-0.373,0.171,-0.716,-0.029,0.034,-0.464,0.166,-0.797,-0.131,0.007,-0.226,0.158,-0.545,0.092,0.159,-0.049,0.189,-0.428,0.33,0.797,Secondary or below
regionСмоленск,0.152,0.215,-0.28,0.584,0.484,0.006,0.241,-0.478,0.491,0.979,-0.05,0.224,-0.501,0.4,0.823,-0.238,0.196,-0.632,0.156,0.23,-0.109,0.156,-0.423,0.204,0.487,Secondary or below
regionТула,0.32,0.182,-0.045,0.686,0.085,0.126,0.19,-0.255,0.507,0.51,0.054,0.212,-0.373,0.48,0.801,0.073,0.183,-0.295,0.44,0.694,0.041,0.173,-0.307,0.39,0.813,Secondary or below
"regionРостовская область, Батайск",-0.274,0.211,-0.698,0.149,0.199,-0.22,0.182,-0.587,0.146,0.232,-0.382,0.143,-0.669,-0.095,0.01,-0.445,0.115,-0.677,-0.213,0,-0.545,0.155,-0.856,-0.233,0.001,Secondary or below
regionМосква,0.45,0.169,0.11,0.79,0.01,0.387,0.15,0.086,0.688,0.013,0.373,0.159,0.053,0.694,0.023,0.476,0.14,0.195,0.757,0.001,0.516,0.143,0.228,0.803,0.001,Secondary or below
regionСанкт-Петербург,0.515,0.183,0.147,0.884,0.007,0.439,0.252,-0.067,0.946,0.088,0.303,0.22,-0.139,0.745,0.174,0.241,0.194,-0.148,0.63,0.22,0.16,0.194,-0.231,0.55,0.416,Secondary or below
regionМосковская область,0.291,0.18,-0.07,0.653,0.112,0.239,0.127,-0.016,0.493,0.065,0.15,0.115,-0.082,0.382,0.199,0.177,0.109,-0.042,0.395,0.111,0.118,0.161,-0.205,0.442,0.465,Secondary or below
"regionНовосибирская область, Бердский район (с 2003",-0.22,0.206,-0.634,0.195,0.292,-0.333,0.172,-0.678,0.013,0.059,-0.262,0.194,-0.652,0.128,0.183,-0.201,0.152,-0.507,0.106,0.194,-0.475,0.17,-0.817,-0.133,0.007,Secondary or below
O,-0.009,0.034,-0.078,0.06,0.793,0.011,0.03,-0.048,0.071,0.711,0.024,0.025,-0.025,0.073,0.333,0.024,0.029,-0.034,0.083,0.412,0.027,0.031,-0.035,0.089,0.388,Secondary or below
C,0.028,0.03,-0.034,0.089,0.37,0.02,0.029,-0.039,0.079,0.5,0.013,0.028,-0.043,0.07,0.639,0.002,0.025,-0.049,0.052,0.946,-0.049,0.022,-0.094,-0.005,0.031,Secondary or below
E,-0.037,0.034,-0.106,0.031,0.278,0.016,0.026,-0.036,0.069,0.539,0.017,0.02,-0.023,0.057,0.395,0.018,0.021,-0.025,0.06,0.413,0.051,0.027,-0.002,0.105,0.06,Secondary or below
A,0.015,0.037,-0.058,0.089,0.677,0.009,0.025,-0.04,0.058,0.708,0.003,0.027,-0.052,0.058,0.903,0.042,0.022,-0.002,0.086,0.059,0.035,0.036,-0.038,0.107,0.344,Secondary or below
ES,0.044,0.033,-0.023,0.111,0.19,0.03,0.025,-0.021,0.081,0.237,0.021,0.03,-0.04,0.082,0.49,-0.002,0.025,-0.052,0.049,0.943,-0.008,0.027,-0.062,0.047,0.782,Secondary or below
